{
    "images": [
        {
            "file_name": "12037308314_e16fb3a0f7_k.jpg",
            "height": 1625,
            "width": 2048,
            "id": 0
        },
        {
            "file_name": "12288043903_fe1ea17a4e_k.jpg",
            "height": 1594,
            "width": 2048,
            "id": 1
        },
        {
            "file_name": "12288355124_5e340d3de3_k.jpg",
            "height": 1536,
            "width": 2048,
            "id": 2
        },
        {
            "file_name": "12288446656_2c6a90e6f5_k.jpg",
            "height": 1835,
            "width": 2048,
            "id": 3
        },
        {
            "file_name": "126700562_8e27720147_b.jpg",
            "height": 768,
            "width": 1024,
            "id": 4
        },
        {
            "file_name": "1297451346_5b92bdac08_b.jpg",
            "height": 1024,
            "width": 768,
            "id": 5
        },
        {
            "file_name": "14321263043_b76ef054d3_k.jpg",
            "height": 1356,
            "width": 2048,
            "id": 6
        },
        {
            "file_name": "14666848163_8be8e37562_k.jpg",
            "height": 2048,
            "width": 1357,
            "id": 7
        },
        {
            "file_name": "15290896925_884ab33fd3_k.jpg",
            "height": 1356,
            "width": 2048,
            "id": 8
        },
        {
            "file_name": "15331928994_d5b82eb368_k.jpg",
            "height": 2048,
            "width": 1365,
            "id": 9
        },
        {
            "file_name": "154446334_5d41cd1375_b.jpg",
            "height": 768,
            "width": 1024,
            "id": 10
        },
        {
            "file_name": "155815494_800fc9aa32_b.jpg",
            "height": 1024,
            "width": 768,
            "id": 11
        },
        {
            "file_name": "16435593892_2aa8118f4a_k.jpg",
            "height": 2048,
            "width": 1895,
            "id": 12
        },
        {
            "file_name": "17156759330_5af4f5a5b8_k.jpg",
            "height": 1363,
            "width": 2048,
            "id": 13
        },
        {
            "file_name": "2311771643_f46392fcc0_b.jpg",
            "height": 681,
            "width": 1024,
            "id": 14
        },
        {
            "file_name": "2354829160_3f65a6bf6f_b.jpg",
            "height": 681,
            "width": 1024,
            "id": 15
        },
        {
            "file_name": "2385899600_94b68350af_b.jpg",
            "height": 576,
            "width": 1024,
            "id": 16
        },
        {
            "file_name": "24362039530_b151b41a52_k.jpg",
            "height": 2048,
            "width": 1536,
            "id": 17
        },
        {
            "file_name": "25899693952_7c8b8b9edc_k.jpg",
            "height": 1365,
            "width": 2048,
            "id": 18
        },
        {
            "file_name": "2685563244_b0d5f7eb67_b.jpg",
            "height": 683,
            "width": 1024,
            "id": 19
        },
        {
            "file_name": "2937599387_80e7d6e050_b.jpg",
            "height": 685,
            "width": 1024,
            "id": 20
        },
        {
            "file_name": "321888854_3723b6f10b_b.jpg",
            "height": 768,
            "width": 1024,
            "id": 21
        },
        {
            "file_name": "332344155_71be3a3b22_b.jpg",
            "height": 852,
            "width": 1024,
            "id": 22
        },
        {
            "file_name": "3342804367_f43682bb80_b.jpg",
            "height": 1024,
            "width": 790,
            "id": 23
        },
        {
            "file_name": "34020010494_e5cb88e1c4_k.jpg",
            "height": 1536,
            "width": 2048,
            "id": 24
        },
        {
            "file_name": "3646097131_e3e1215843_b.jpg",
            "height": 681,
            "width": 1024,
            "id": 25
        },
        {
            "file_name": "3927754171_9011487133_b.jpg",
            "height": 681,
            "width": 1024,
            "id": 26
        },
        {
            "file_name": "4057490235_2ffdf7d68b_b.jpg",
            "height": 1024,
            "width": 769,
            "id": 27
        },
        {
            "file_name": "4552737035_3a0a4105fb_b.jpg",
            "height": 683,
            "width": 1024,
            "id": 28
        },
        {
            "file_name": "485227412_e335662bb5_b.jpg",
            "height": 768,
            "width": 1024,
            "id": 29
        },
        {
            "file_name": "4864857993_edb62f16ef_b.jpg",
            "height": 683,
            "width": 1024,
            "id": 30
        },
        {
            "file_name": "4887227769_acd2e6127d_b.jpg",
            "height": 768,
            "width": 1024,
            "id": 31
        },
        {
            "file_name": "5013250607_26359229b6_b.jpg",
            "height": 681,
            "width": 1024,
            "id": 32
        },
        {
            "file_name": "5178670692_63a4365c9c_b.jpg",
            "height": 1024,
            "width": 683,
            "id": 33
        },
        {
            "file_name": "518678836_94d58e3839_b.jpg",
            "height": 683,
            "width": 1024,
            "id": 34
        },
        {
            "file_name": "5253122239_38b1e7f61c_b.jpg",
            "height": 768,
            "width": 1024,
            "id": 35
        },
        {
            "file_name": "53500107_d24b11b3c2_b.jpg",
            "height": 768,
            "width": 1024,
            "id": 36
        },
        {
            "file_name": "5674044810_2d9e2243ff_b.jpg",
            "height": 1024,
            "width": 818,
            "id": 37
        },
        {
            "file_name": "605521662_a470fef77f_b.jpg",
            "height": 1024,
            "width": 768,
            "id": 38
        },
        {
            "file_name": "6483318883_21facf57cd_b.jpg",
            "height": 683,
            "width": 1024,
            "id": 39
        },
        {
            "file_name": "699765866_abaad7274d_b.jpg",
            "height": 683,
            "width": 1024,
            "id": 40
        },
        {
            "file_name": "7178882742_f090f3ce56_k.jpg",
            "height": 1360,
            "width": 2048,
            "id": 41
        },
        {
            "file_name": "7308740338_591f27b631_k.jpg",
            "height": 1536,
            "width": 2048,
            "id": 42
        },
        {
            "file_name": "7488015492_0583857ca0_k.jpg",
            "height": 1429,
            "width": 2048,
            "id": 43
        },
        {
            "file_name": "8436015314_3a678c1005_k.jpg",
            "height": 1365,
            "width": 2048,
            "id": 44
        },
        {
            "file_name": "873768102_7d931e5fa3_b.jpg",
            "height": 856,
            "width": 1024,
            "id": 45
        },
        {
            "file_name": "9210739293_2b0e0d991e_k.jpg",
            "height": 2048,
            "width": 1365,
            "id": 46
        }
    ],
    "categories": [
        {
            "supercategory": "Defect",
            "id": 1,
            "name": "balloon"
        }
    ],
    "annotations": [
        {
            "id": 1,
            "image_id": 0,
            "bbox": [
                1351.5,
                2.5,
                569.0,
                629.0
            ],
            "area": 357901,
            "iscrowd": 0,
            "category_id": 1,
            "segmentation": []
        },
        {
            "id": 2,
            "image_id": 0,
            "bbox": [
                1390.0,
                579.5,
                610.0,
                595.0
            ],
            "area": 362950,
            "iscrowd": 0,
            "category_id": 1,
            "segmentation": []
        },
        {
            "id": 3,
            "image_id": 1,
            "bbox": [
                200.0,
                598.5,
                850.0,
                771.0
            ],
            "area": 655350,
            "iscrowd": 0,
            "category_id": 1,
            "segmentation": []
        },
        {
            "id": 4,
            "image_id": 2,
            "bbox": [
                934.5,
                504.5,
                163.0,
                197.0
            ],
            "area": 32111,
            "iscrowd": 0,
            "category_id": 1,
            "segmentation": []
        },
        {
            "id": 5,
            "image_id": 2,
            "bbox": [
                1078.0,
                483.5,
                152.0,
                199.0
            ],
            "area": 30248,
            "iscrowd": 0,
            "category_id": 1,
            "segmentation": []
        },
        {
            "id": 6,
            "image_id": 3,
            "bbox": [
                19.5,
                134.0,
                1031.0,
                942.0
            ],
            "area": 971202,
            "iscrowd": 0,
            "category_id": 1,
            "segmentation": []
        },
        {
            "id": 7,
            "image_id": 4,
            "bbox": [
                56.5,
                40.0,
                515.0,
                602.0
            ],
            "area": 310030,
            "iscrowd": 0,
            "category_id": 1,
            "segmentation": []
        },
        {
            "id": 8,
            "image_id": 5,
            "bbox": [
                468.0,
                350.0,
                204.0,
                302.0
            ],
            "area": 61608,
            "iscrowd": 0,
            "category_id": 1,
            "segmentation": []
        },
        {
            "id": 9,
            "image_id": 5,
            "bbox": [
                315.0,
                451.5,
                196.0,
                241.0
            ],
            "area": 47236,
            "iscrowd": 0,
            "category_id": 1,
            "segmentation": []
        },
        {
            "id": 10,
            "image_id": 5,
            "bbox": [
                208.5,
                563.0,
                175.0,
                174.0
            ],
            "area": 30450,
            "iscrowd": 0,
            "category_id": 1,
            "segmentation": []
        },
        {
            "id": 11,
            "image_id": 5,
            "bbox": [
                190.0,
                715.5,
                216.0,
                247.0
            ],
            "area": 53352,
            "iscrowd": 0,
            "category_id": 1,
            "segmentation": []
        },
        {
            "id": 12,
            "image_id": 6,
            "bbox": [
                581.0,
                3.0,
                280.0,
                300.0
            ],
            "area": 84000,
            "iscrowd": 0,
            "category_id": 1,
            "segmentation": []
        },
        {
            "id": 13,
            "image_id": 7,
            "bbox": [
                363.5,
                254.5,
                265.0,
                299.0
            ],
            "area": 79235,
            "iscrowd": 0,
            "category_id": 1,
            "segmentation": []
        },
        {
            "id": 14,
            "image_id": 7,
            "bbox": [
                156.5,
                425.5,
                325.0,
                269.0
            ],
            "area": 87425,
            "iscrowd": 0,
            "category_id": 1,
            "segmentation": []
        },
        {
            "id": 15,
            "image_id": 7,
            "bbox": [
                404.0,
                435.0,
                218.0,
                240.0
            ],
            "area": 52320,
            "iscrowd": 0,
            "category_id": 1,
            "segmentation": []
        },
        {
            "id": 16,
            "image_id": 8,
            "bbox": [
                987.0,
                61.0,
                192.0,
                226.0
            ],
            "area": 43392,
            "iscrowd": 0,
            "category_id": 1,
            "segmentation": []
        },
        {
            "id": 17,
            "image_id": 8,
            "bbox": [
                1193.0,
                34.0,
                230.0,
                202.0
            ],
            "area": 46460,
            "iscrowd": 0,
            "category_id": 1,
            "segmentation": []
        },
        {
            "id": 18,
            "image_id": 8,
            "bbox": [
                1093.5,
                190.0,
                219.0,
                198.0
            ],
            "area": 43362,
            "iscrowd": 0,
            "category_id": 1,
            "segmentation": []
        },
        {
            "id": 19,
            "image_id": 9,
            "bbox": [
                113.5,
                1223.0,
                487.0,
                530.0
            ],
            "area": 258110,
            "iscrowd": 0,
            "category_id": 1,
            "segmentation": []
        },
        {
            "id": 20,
            "image_id": 10,
            "bbox": [
                594.0,
                138.0,
                62.0,
                98.0
            ],
            "area": 6076,
            "iscrowd": 0,
            "category_id": 1,
            "segmentation": []
        },
        {
            "id": 21,
            "image_id": 10,
            "bbox": [
                465.0,
                125.0,
                104.0,
                110.0
            ],
            "area": 11440,
            "iscrowd": 0,
            "category_id": 1,
            "segmentation": []
        },
        {
            "id": 22,
            "image_id": 10,
            "bbox": [
                374.0,
                78.0,
                74.0,
                76.0
            ],
            "area": 5624,
            "iscrowd": 0,
            "category_id": 1,
            "segmentation": []
        },
        {
            "id": 23,
            "image_id": 10,
            "bbox": [
                590.5,
                0.5,
                71.0,
                57.0
            ],
            "area": 4047,
            "iscrowd": 0,
            "category_id": 1,
            "segmentation": []
        },
        {
            "id": 24,
            "image_id": 10,
            "bbox": [
                325.0,
                3.5,
                72.0,
                45.0
            ],
            "area": 3240,
            "iscrowd": 0,
            "category_id": 1,
            "segmentation": []
        },
        {
            "id": 25,
            "image_id": 10,
            "bbox": [
                237.5,
                1.0,
                87.0,
                66.0
            ],
            "area": 5742,
            "iscrowd": 0,
            "category_id": 1,
            "segmentation": []
        },
        {
            "id": 26,
            "image_id": 10,
            "bbox": [
                46.5,
                48.5,
                49.0,
                43.0
            ],
            "area": 2107,
            "iscrowd": 0,
            "category_id": 1,
            "segmentation": []
        },
        {
            "id": 27,
            "image_id": 10,
            "bbox": [
                81.0,
                64.0,
                40.0,
                44.0
            ],
            "area": 1760,
            "iscrowd": 0,
            "category_id": 1,
            "segmentation": []
        },
        {
            "id": 28,
            "image_id": 10,
            "bbox": [
                1.5,
                117.0,
                39.0,
                72.0
            ],
            "area": 2808,
            "iscrowd": 0,
            "category_id": 1,
            "segmentation": []
        },
        {
            "id": 29,
            "image_id": 11,
            "bbox": [
                47.0,
                533.5,
                602.0,
                485.0
            ],
            "area": 291970,
            "iscrowd": 0,
            "category_id": 1,
            "segmentation": []
        },
        {
            "id": 30,
            "image_id": 11,
            "bbox": [
                633.0,
                497.0,
                128.0,
                480.0
            ],
            "area": 61440,
            "iscrowd": 0,
            "category_id": 1,
            "segmentation": []
        },
        {
            "id": 31,
            "image_id": 12,
            "bbox": [
                1089.0,
                208.0,
                694.0,
                714.0
            ],
            "area": 495516,
            "iscrowd": 0,
            "category_id": 1,
            "segmentation": []
        },
        {
            "id": 32,
            "image_id": 13,
            "bbox": [
                48.0,
                91.5,
                906.0,
                883.0
            ],
            "area": 799998,
            "iscrowd": 0,
            "category_id": 1,
            "segmentation": []
        },
        {
            "id": 33,
            "image_id": 14,
            "bbox": [
                352.5,
                222.5,
                129.0,
                147.0
            ],
            "area": 18963,
            "iscrowd": 0,
            "category_id": 1,
            "segmentation": []
        },
        {
            "id": 34,
            "image_id": 14,
            "bbox": [
                347.0,
                593.5,
                72.0,
                81.0
            ],
            "area": 5832,
            "iscrowd": 0,
            "category_id": 1,
            "segmentation": []
        },
        {
            "id": 35,
            "image_id": 14,
            "bbox": [
                432.5,
                594.0,
                69.0,
                76.0
            ],
            "area": 5244,
            "iscrowd": 0,
            "category_id": 1,
            "segmentation": []
        },
        {
            "id": 36,
            "image_id": 14,
            "bbox": [
                560.0,
                600.0,
                74.0,
                76.0
            ],
            "area": 5624,
            "iscrowd": 0,
            "category_id": 1,
            "segmentation": []
        },
        {
            "id": 37,
            "image_id": 15,
            "bbox": [
                896.0,
                181.5,
                124.0,
                209.0
            ],
            "area": 25916,
            "iscrowd": 0,
            "category_id": 1,
            "segmentation": []
        },
        {
            "id": 38,
            "image_id": 15,
            "bbox": [
                967.5,
                333.0,
                55.0,
                200.0
            ],
            "area": 11000,
            "iscrowd": 0,
            "category_id": 1,
            "segmentation": []
        },
        {
            "id": 39,
            "image_id": 16,
            "bbox": [
                430.0,
                41.0,
                558.0,
                530.0
            ],
            "area": 295740,
            "iscrowd": 0,
            "category_id": 1,
            "segmentation": []
        },
        {
            "id": 40,
            "image_id": 17,
            "bbox": [
                556.0,
                472.5,
                378.0,
                447.0
            ],
            "area": 168966,
            "iscrowd": 0,
            "category_id": 1,
            "segmentation": []
        },
        {
            "id": 41,
            "image_id": 18,
            "bbox": [
                123.5,
                100.0,
                697.0,
                870.0
            ],
            "area": 606390,
            "iscrowd": 0,
            "category_id": 1,
            "segmentation": []
        },
        {
            "id": 42,
            "image_id": 19,
            "bbox": [
                460.0,
                10.5,
                524.0,
                521.0
            ],
            "area": 273004,
            "iscrowd": 0,
            "category_id": 1,
            "segmentation": []
        },
        {
            "id": 43,
            "image_id": 19,
            "bbox": [
                153.0,
                295.0,
                430.0,
                382.0
            ],
            "area": 164260,
            "iscrowd": 0,
            "category_id": 1,
            "segmentation": []
        },
        {
            "id": 44,
            "image_id": 20,
            "bbox": [
                509.5,
                256.5,
                65.0,
                69.0
            ],
            "area": 4485,
            "iscrowd": 0,
            "category_id": 1,
            "segmentation": []
        },
        {
            "id": 45,
            "image_id": 21,
            "bbox": [
                102.5,
                268.5,
                385.0,
                351.0
            ],
            "area": 135135,
            "iscrowd": 0,
            "category_id": 1,
            "segmentation": []
        },
        {
            "id": 46,
            "image_id": 21,
            "bbox": [
                447.5,
                267.0,
                323.0,
                308.0
            ],
            "area": 99484,
            "iscrowd": 0,
            "category_id": 1,
            "segmentation": []
        },
        {
            "id": 47,
            "image_id": 21,
            "bbox": [
                385.0,
                127.0,
                312.0,
                236.0
            ],
            "area": 73632,
            "iscrowd": 0,
            "category_id": 1,
            "segmentation": []
        },
        {
            "id": 48,
            "image_id": 22,
            "bbox": [
                154.5,
                54.5,
                291.0,
                317.0
            ],
            "area": 92247,
            "iscrowd": 0,
            "category_id": 1,
            "segmentation": []
        },
        {
            "id": 49,
            "image_id": 23,
            "bbox": [
                711.5,
                303.0,
                75.0,
                122.0
            ],
            "area": 9150,
            "iscrowd": 0,
            "category_id": 1,
            "segmentation": []
        },
        {
            "id": 50,
            "image_id": 24,
            "bbox": [
                956.0,
                595.5,
                516.0,
                571.0
            ],
            "area": 294636,
            "iscrowd": 0,
            "category_id": 1,
            "segmentation": []
        },
        {
            "id": 51,
            "image_id": 25,
            "bbox": [
                494.5,
                8.0,
                387.0,
                452.0
            ],
            "area": 174924,
            "iscrowd": 0,
            "category_id": 1,
            "segmentation": []
        },
        {
            "id": 52,
            "image_id": 26,
            "bbox": [
                291.0,
                121.0,
                252.0,
                256.0
            ],
            "area": 64512,
            "iscrowd": 0,
            "category_id": 1,
            "segmentation": []
        },
        {
            "id": 53,
            "image_id": 26,
            "bbox": [
                540.0,
                166.0,
                250.0,
                244.0
            ],
            "area": 61000,
            "iscrowd": 0,
            "category_id": 1,
            "segmentation": []
        },
        {
            "id": 54,
            "image_id": 27,
            "bbox": [
                315.0,
                460.5,
                146.0,
                167.0
            ],
            "area": 24382,
            "iscrowd": 0,
            "category_id": 1,
            "segmentation": []
        },
        {
            "id": 55,
            "image_id": 27,
            "bbox": [
                265.5,
                718.5,
                189.0,
                211.0
            ],
            "area": 39879,
            "iscrowd": 0,
            "category_id": 1,
            "segmentation": []
        },
        {
            "id": 56,
            "image_id": 27,
            "bbox": [
                388.5,
                620.5,
                171.0,
                195.0
            ],
            "area": 33345,
            "iscrowd": 0,
            "category_id": 1,
            "segmentation": []
        },
        {
            "id": 57,
            "image_id": 28,
            "bbox": [
                288.0,
                232.0,
                92.0,
                114.0
            ],
            "area": 10488,
            "iscrowd": 0,
            "category_id": 1,
            "segmentation": []
        },
        {
            "id": 58,
            "image_id": 29,
            "bbox": [
                482.0,
                550.5,
                202.0,
                167.0
            ],
            "area": 33734,
            "iscrowd": 0,
            "category_id": 1,
            "segmentation": []
        },
        {
            "id": 59,
            "image_id": 30,
            "bbox": [
                197.5,
                82.5,
                499.0,
                597.0
            ],
            "area": 297903,
            "iscrowd": 0,
            "category_id": 1,
            "segmentation": []
        },
        {
            "id": 60,
            "image_id": 31,
            "bbox": [
                234.5,
                89.0,
                229.0,
                282.0
            ],
            "area": 64578,
            "iscrowd": 0,
            "category_id": 1,
            "segmentation": []
        },
        {
            "id": 61,
            "image_id": 31,
            "bbox": [
                342.5,
                2.0,
                227.0,
                192.0
            ],
            "area": 43584,
            "iscrowd": 0,
            "category_id": 1,
            "segmentation": []
        },
        {
            "id": 62,
            "image_id": 32,
            "bbox": [
                577.0,
                3.0,
                442.0,
                384.0
            ],
            "area": 169728,
            "iscrowd": 0,
            "category_id": 1,
            "segmentation": []
        },
        {
            "id": 63,
            "image_id": 32,
            "bbox": [
                323.0,
                143.0,
                636.0,
                534.0
            ],
            "area": 339624,
            "iscrowd": 0,
            "category_id": 1,
            "segmentation": []
        },
        {
            "id": 64,
            "image_id": 33,
            "bbox": [
                259.5,
                416.5,
                173.0,
                193.0
            ],
            "area": 33389,
            "iscrowd": 0,
            "category_id": 1,
            "segmentation": []
        },
        {
            "id": 65,
            "image_id": 34,
            "bbox": [
                600.5,
                361.0,
                101.0,
                94.0
            ],
            "area": 9494,
            "iscrowd": 0,
            "category_id": 1,
            "segmentation": []
        },
        {
            "id": 66,
            "image_id": 35,
            "bbox": [
                75.0,
                20.0,
                172.0,
                242.0
            ],
            "area": 41624,
            "iscrowd": 0,
            "category_id": 1,
            "segmentation": []
        },
        {
            "id": 67,
            "image_id": 35,
            "bbox": [
                205.0,
                2.0,
                202.0,
                242.0
            ],
            "area": 48884,
            "iscrowd": 0,
            "category_id": 1,
            "segmentation": []
        },
        {
            "id": 68,
            "image_id": 35,
            "bbox": [
                419.5,
                1.0,
                67.0,
                72.0
            ],
            "area": 4824,
            "iscrowd": 0,
            "category_id": 1,
            "segmentation": []
        },
        {
            "id": 69,
            "image_id": 35,
            "bbox": [
                477.5,
                0.5,
                113.0,
                101.0
            ],
            "area": 11413,
            "iscrowd": 0,
            "category_id": 1,
            "segmentation": []
        },
        {
            "id": 70,
            "image_id": 36,
            "bbox": [
                601.0,
                368.0,
                138.0,
                122.0
            ],
            "area": 16836,
            "iscrowd": 0,
            "category_id": 1,
            "segmentation": []
        },
        {
            "id": 71,
            "image_id": 36,
            "bbox": [
                598.0,
                471.0,
                172.0,
                110.0
            ],
            "area": 18920,
            "iscrowd": 0,
            "category_id": 1,
            "segmentation": []
        },
        {
            "id": 72,
            "image_id": 37,
            "bbox": [
                221.5,
                19.5,
                117.0,
                117.0
            ],
            "area": 13689,
            "iscrowd": 0,
            "category_id": 1,
            "segmentation": []
        },
        {
            "id": 73,
            "image_id": 37,
            "bbox": [
                344.5,
                25.0,
                119.0,
                126.0
            ],
            "area": 14994,
            "iscrowd": 0,
            "category_id": 1,
            "segmentation": []
        },
        {
            "id": 74,
            "image_id": 37,
            "bbox": [
                700.5,
                152.5,
                113.0,
                149.0
            ],
            "area": 16837,
            "iscrowd": 0,
            "category_id": 1,
            "segmentation": []
        },
        {
            "id": 75,
            "image_id": 38,
            "bbox": [
                329.0,
                358.0,
                180.0,
                186.0
            ],
            "area": 33480,
            "iscrowd": 0,
            "category_id": 1,
            "segmentation": []
        },
        {
            "id": 76,
            "image_id": 38,
            "bbox": [
                315.0,
                579.0,
                138.0,
                128.0
            ],
            "area": 17664,
            "iscrowd": 0,
            "category_id": 1,
            "segmentation": []
        },
        {
            "id": 77,
            "image_id": 38,
            "bbox": [
                325.5,
                693.5,
                157.0,
                131.0
            ],
            "area": 20567,
            "iscrowd": 0,
            "category_id": 1,
            "segmentation": []
        },
        {
            "id": 78,
            "image_id": 39,
            "bbox": [
                348.0,
                285.0,
                252.0,
                248.0
            ],
            "area": 62496,
            "iscrowd": 0,
            "category_id": 1,
            "segmentation": []
        },
        {
            "id": 79,
            "image_id": 40,
            "bbox": [
                477.0,
                297.0,
                78.0,
                82.0
            ],
            "area": 6396,
            "iscrowd": 0,
            "category_id": 1,
            "segmentation": []
        },
        {
            "id": 80,
            "image_id": 41,
            "bbox": [
                687.0,
                228.0,
                708.0,
                794.0
            ],
            "area": 562152,
            "iscrowd": 0,
            "category_id": 1,
            "segmentation": []
        },
        {
            "id": 81,
            "image_id": 41,
            "bbox": [
                1279.0,
                381.5,
                426.0,
                575.0
            ],
            "area": 244950,
            "iscrowd": 0,
            "category_id": 1,
            "segmentation": []
        },
        {
            "id": 82,
            "image_id": 41,
            "bbox": [
                579.5,
                371.5,
                199.0,
                499.0
            ],
            "area": 99301,
            "iscrowd": 0,
            "category_id": 1,
            "segmentation": []
        },
        {
            "id": 83,
            "image_id": 42,
            "bbox": [
                1066.0,
                743.5,
                408.0,
                333.0
            ],
            "area": 135864,
            "iscrowd": 0,
            "category_id": 1,
            "segmentation": []
        },
        {
            "id": 84,
            "image_id": 43,
            "bbox": [
                183.0,
                855.5,
                224.0,
                303.0
            ],
            "area": 67872,
            "iscrowd": 0,
            "category_id": 1,
            "segmentation": []
        },
        {
            "id": 85,
            "image_id": 43,
            "bbox": [
                379.0,
                835.5,
                220.0,
                287.0
            ],
            "area": 63140,
            "iscrowd": 0,
            "category_id": 1,
            "segmentation": []
        },
        {
            "id": 86,
            "image_id": 43,
            "bbox": [
                433.0,
                939.5,
                210.0,
                259.0
            ],
            "area": 54390,
            "iscrowd": 0,
            "category_id": 1,
            "segmentation": []
        },
        {
            "id": 87,
            "image_id": 43,
            "bbox": [
                523.5,
                334.5,
                701.0,
                875.0
            ],
            "area": 613375,
            "iscrowd": 0,
            "category_id": 1,
            "segmentation": []
        },
        {
            "id": 88,
            "image_id": 43,
            "bbox": [
                765.0,
                981.5,
                852.0,
                439.0
            ],
            "area": 374028,
            "iscrowd": 0,
            "category_id": 1,
            "segmentation": []
        },
        {
            "id": 89,
            "image_id": 44,
            "bbox": [
                935.0,
                163.0,
                238.0,
                236.0
            ],
            "area": 56168,
            "iscrowd": 0,
            "category_id": 1,
            "segmentation": []
        },
        {
            "id": 90,
            "image_id": 44,
            "bbox": [
                988.5,
                369.5,
                231.0,
                219.0
            ],
            "area": 50589,
            "iscrowd": 0,
            "category_id": 1,
            "segmentation": []
        },
        {
            "id": 91,
            "image_id": 44,
            "bbox": [
                1032.5,
                574.0,
                245.0,
                266.0
            ],
            "area": 65170,
            "iscrowd": 0,
            "category_id": 1,
            "segmentation": []
        },
        {
            "id": 92,
            "image_id": 44,
            "bbox": [
                810.5,
                643.0,
                205.0,
                244.0
            ],
            "area": 50020,
            "iscrowd": 0,
            "category_id": 1,
            "segmentation": []
        },
        {
            "id": 93,
            "image_id": 44,
            "bbox": [
                775.5,
                390.5,
                221.0,
                233.0
            ],
            "area": 51493,
            "iscrowd": 0,
            "category_id": 1,
            "segmentation": []
        },
        {
            "id": 94,
            "image_id": 44,
            "bbox": [
                568.0,
                434.0,
                216.0,
                256.0
            ],
            "area": 55296,
            "iscrowd": 0,
            "category_id": 1,
            "segmentation": []
        },
        {
            "id": 95,
            "image_id": 45,
            "bbox": [
                537.0,
                9.0,
                124.0,
                134.0
            ],
            "area": 16616,
            "iscrowd": 0,
            "category_id": 1,
            "segmentation": []
        },
        {
            "id": 96,
            "image_id": 46,
            "bbox": [
                955.0,
                510.5,
                274.0,
                317.0
            ],
            "area": 86858,
            "iscrowd": 0,
            "category_id": 1,
            "segmentation": []
        }
    ]
}